game_key,bot_a,bot_b,game_index,swapped,winner,winner_raw,num_moves,time
Random__VS__Heuristic__GAME__0,Random,Heuristic,0,False,Heuristic,-1,8,0.950472354888916
Random__VS__Heuristic__GAME__1,Random,Heuristic,1,True,Heuristic,1,7,0.8273048400878906
Random__VS__Heuristic__GAME__2,Random,Heuristic,2,False,Heuristic,-1,6,0.6177258491516113
Random__VS__Heuristic__GAME__3,Random,Heuristic,3,True,Heuristic,1,9,1.613220453262329
Random__VS__Heuristic__GAME__4,Random,Heuristic,4,False,Heuristic,-1,6,0.4607045650482178
Random__VS__Heuristic__GAME__5,Random,Heuristic,5,True,Heuristic,1,9,1.4304983615875244
Random__VS__Heuristic__GAME__6,Random,Heuristic,6,False,Heuristic,-1,10,2.3059909343719482
Random__VS__Heuristic__GAME__7,Random,Heuristic,7,True,Heuristic,1,9,1.45943284034729
Random__VS__Heuristic__GAME__8,Random,Heuristic,8,False,Heuristic,-1,10,2.597355365753174
Random__VS__Heuristic__GAME__9,Random,Heuristic,9,True,Heuristic,1,13,4.035667419433594
Random__VS__Heuristic__GAME__10,Random,Heuristic,10,False,Heuristic,-1,6,0.5719032287597656
Random__VS__Heuristic__GAME__11,Random,Heuristic,11,True,Heuristic,1,11,2.6179776191711426
Random__VS__Heuristic__GAME__12,Random,Heuristic,12,False,Heuristic,-1,10,1.6312966346740723
Random__VS__Heuristic__GAME__13,Random,Heuristic,13,True,Heuristic,1,15,5.294428110122681
Random__VS__Heuristic__GAME__14,Random,Heuristic,14,False,Heuristic,-1,8,1.1621110439300537
Random__VS__Heuristic__GAME__15,Random,Heuristic,15,True,Heuristic,1,11,2.130608558654785
Random__VS__Heuristic__GAME__16,Random,Heuristic,16,False,Heuristic,-1,8,0.8806819915771484
Random__VS__Heuristic__GAME__17,Random,Heuristic,17,True,Heuristic,1,5,0.4825310707092285
Random__VS__Heuristic__GAME__18,Random,Heuristic,18,False,Heuristic,-1,6,0.777641773223877
Random__VS__Heuristic__GAME__19,Random,Heuristic,19,True,Heuristic,1,5,0.506035327911377
Random__VS__Heuristic__GAME__20,Random,Heuristic,20,False,Heuristic,-1,8,1.3627257347106934
Random__VS__Heuristic__GAME__21,Random,Heuristic,21,True,Heuristic,1,5,0.461076021194458
Random__VS__Heuristic__GAME__22,Random,Heuristic,22,False,Heuristic,-1,10,2.221853256225586
Random__VS__Heuristic__GAME__23,Random,Heuristic,23,True,Heuristic,1,7,1.0242633819580078
Random__VS__Heuristic__GAME__24,Random,Heuristic,24,False,Heuristic,-1,16,5.590367794036865
Random__VS__Heuristic__GAME__25,Random,Heuristic,25,True,Heuristic,1,7,1.105191946029663
Random__VS__Heuristic__GAME__26,Random,Heuristic,26,False,Heuristic,-1,6,0.8122241497039795
Random__VS__Heuristic__GAME__27,Random,Heuristic,27,True,Heuristic,1,7,1.1817748546600342
Random__VS__Heuristic__GAME__28,Random,Heuristic,28,False,Heuristic,-1,10,1.4686033725738525
Random__VS__Heuristic__GAME__29,Random,Heuristic,29,True,Heuristic,1,11,2.7869951725006104
Random__VS__Heuristic__GAME__30,Random,Heuristic,30,False,Heuristic,-1,10,1.5218379497528076
Random__VS__Heuristic__GAME__31,Random,Heuristic,31,True,Heuristic,1,5,0.469379186630249
Random__VS__Heuristic__GAME__32,Random,Heuristic,32,False,Heuristic,-1,6,0.5331056118011475
Random__VS__Heuristic__GAME__33,Random,Heuristic,33,True,Heuristic,1,7,1.0894105434417725
Random__VS__Heuristic__GAME__34,Random,Heuristic,34,False,Heuristic,-1,8,1.3904194831848145
Random__VS__Heuristic__GAME__35,Random,Heuristic,35,True,Heuristic,1,7,0.9053921699523926
Random__VS__Heuristic__GAME__36,Random,Heuristic,36,False,Heuristic,-1,6,0.5555810928344727
Random__VS__Heuristic__GAME__37,Random,Heuristic,37,True,Heuristic,1,7,1.2216401100158691
Random__VS__Heuristic__GAME__38,Random,Heuristic,38,False,Heuristic,-1,7,1.1437246799468994
Random__VS__Heuristic__GAME__39,Random,Heuristic,39,True,Heuristic,1,5,0.4910316467285156
Random__VS__Heuristic__GAME__40,Random,Heuristic,40,False,Heuristic,-1,8,1.3820281028747559
Random__VS__Heuristic__GAME__41,Random,Heuristic,41,True,Heuristic,1,7,1.0735042095184326
Random__VS__Heuristic__GAME__42,Random,Heuristic,42,False,Heuristic,-1,12,3.5435948371887207
Random__VS__Heuristic__GAME__43,Random,Heuristic,43,True,Heuristic,1,9,1.868664026260376
Random__VS__Heuristic__GAME__44,Random,Heuristic,44,False,Heuristic,-1,8,1.4407730102539062
Random__VS__Heuristic__GAME__45,Random,Heuristic,45,True,Heuristic,1,5,0.5088410377502441
Random__VS__Heuristic__GAME__46,Random,Heuristic,46,False,Heuristic,-1,12,3.8858163356781006
Random__VS__Heuristic__GAME__47,Random,Heuristic,47,True,Heuristic,1,11,3.0676350593566895
Random__VS__Heuristic__GAME__48,Random,Heuristic,48,False,Heuristic,-1,8,1.2907192707061768
Random__VS__Heuristic__GAME__49,Random,Heuristic,49,True,Heuristic,1,7,1.160069465637207
Random__VS__AlphaBeta-new-d3__GAME__0,Random,AlphaBeta-new-d3,0,False,AlphaBeta-new-d3,-1,6,3.150560140609741
Random__VS__AlphaBeta-new-d3__GAME__1,Random,AlphaBeta-new-d3,1,True,AlphaBeta-new-d3,1,37,24.933170080184937
Random__VS__AlphaBeta-new-d3__GAME__2,Random,AlphaBeta-new-d3,2,False,AlphaBeta-new-d3,-1,8,2.7944772243499756
Random__VS__AlphaBeta-new-d3__GAME__3,Random,AlphaBeta-new-d3,3,True,AlphaBeta-new-d3,1,7,3.790181875228882
Random__VS__AlphaBeta-new-d3__GAME__4,Random,AlphaBeta-new-d3,4,False,AlphaBeta-new-d3,-1,16,10.229870080947876
Random__VS__AlphaBeta-new-d3__GAME__5,Random,AlphaBeta-new-d3,5,True,AlphaBeta-new-d3,1,5,2.4055004119873047
Random__VS__AlphaBeta-new-d3__GAME__6,Random,AlphaBeta-new-d3,6,False,Random,1,6,4.106524705886841
Random__VS__AlphaBeta-new-d3__GAME__7,Random,AlphaBeta-new-d3,7,True,AlphaBeta-new-d3,1,5,2.9854371547698975
Random__VS__AlphaBeta-new-d3__GAME__8,Random,AlphaBeta-new-d3,8,False,AlphaBeta-new-d3,-1,6,3.2350351810455322
Random__VS__AlphaBeta-new-d3__GAME__9,Random,AlphaBeta-new-d3,9,True,AlphaBeta-new-d3,1,13,10.063982963562012
Random__VS__AlphaBeta-new-d3__GAME__10,Random,AlphaBeta-new-d3,10,False,AlphaBeta-new-d3,-1,12,6.2045533657073975
Random__VS__AlphaBeta-new-d3__GAME__11,Random,AlphaBeta-new-d3,11,True,Random,-1,8,4.23672080039978
Random__VS__AlphaBeta-new-d3__GAME__12,Random,AlphaBeta-new-d3,12,False,AlphaBeta-new-d3,-1,16,8.945080041885376
Random__VS__AlphaBeta-new-d3__GAME__13,Random,AlphaBeta-new-d3,13,True,AlphaBeta-new-d3,1,5,1.7683846950531006
Random__VS__AlphaBeta-new-d3__GAME__14,Random,AlphaBeta-new-d3,14,False,AlphaBeta-new-d3,-1,8,3.346999406814575
Random__VS__AlphaBeta-new-d3__GAME__15,Random,AlphaBeta-new-d3,15,True,Random,-1,23,17.412354946136475
Random__VS__AlphaBeta-new-d3__GAME__16,Random,AlphaBeta-new-d3,16,False,AlphaBeta-new-d3,-1,8,3.1570167541503906
Random__VS__AlphaBeta-new-d3__GAME__17,Random,AlphaBeta-new-d3,17,True,AlphaBeta-new-d3,1,5,1.3524951934814453
Random__VS__AlphaBeta-new-d3__GAME__18,Random,AlphaBeta-new-d3,18,False,AlphaBeta-new-d3,-1,38,23.33422350883484
Random__VS__AlphaBeta-new-d3__GAME__19,Random,AlphaBeta-new-d3,19,True,AlphaBeta-new-d3,1,7,4.361482858657837
Random__VS__AlphaBeta-new-d3__GAME__20,Random,AlphaBeta-new-d3,20,False,AlphaBeta-new-d3,-1,12,7.5023322105407715
Random__VS__AlphaBeta-new-d3__GAME__21,Random,AlphaBeta-new-d3,21,True,AlphaBeta-new-d3,1,7,4.254955291748047
Random__VS__AlphaBeta-new-d3__GAME__22,Random,AlphaBeta-new-d3,22,False,AlphaBeta-new-d3,-1,12,6.750591993331909
Random__VS__AlphaBeta-new-d3__GAME__23,Random,AlphaBeta-new-d3,23,True,AlphaBeta-new-d3,1,17,11.966107845306396
Random__VS__AlphaBeta-new-d3__GAME__24,Random,AlphaBeta-new-d3,24,False,AlphaBeta-new-d3,-1,14,8.056948184967041
Random__VS__AlphaBeta-new-d3__GAME__25,Random,AlphaBeta-new-d3,25,True,AlphaBeta-new-d3,1,9,4.449882507324219
Random__VS__AlphaBeta-new-d3__GAME__26,Random,AlphaBeta-new-d3,26,False,AlphaBeta-new-d3,-1,16,9.162325382232666
Random__VS__AlphaBeta-new-d3__GAME__27,Random,AlphaBeta-new-d3,27,True,AlphaBeta-new-d3,1,5,2.3676459789276123
Random__VS__AlphaBeta-new-d3__GAME__28,Random,AlphaBeta-new-d3,28,False,draw,0,50,34.44067740440369
Random__VS__AlphaBeta-new-d3__GAME__29,Random,AlphaBeta-new-d3,29,True,AlphaBeta-new-d3,1,11,5.950355768203735
Random__VS__AlphaBeta-new-d3__GAME__30,Random,AlphaBeta-new-d3,30,False,draw,0,50,32.39426898956299
Random__VS__AlphaBeta-new-d3__GAME__31,Random,AlphaBeta-new-d3,31,True,AlphaBeta-new-d3,1,7,3.0210049152374268
Random__VS__AlphaBeta-new-d3__GAME__32,Random,AlphaBeta-new-d3,32,False,draw,0,50,37.14121079444885
Random__VS__AlphaBeta-new-d3__GAME__33,Random,AlphaBeta-new-d3,33,True,AlphaBeta-new-d3,1,17,8.889344692230225
Random__VS__AlphaBeta-new-d3__GAME__34,Random,AlphaBeta-new-d3,34,False,AlphaBeta-new-d3,-1,16,9.248600482940674
Random__VS__AlphaBeta-new-d3__GAME__35,Random,AlphaBeta-new-d3,35,True,AlphaBeta-new-d3,1,5,1.8384466171264648
Random__VS__AlphaBeta-new-d3__GAME__36,Random,AlphaBeta-new-d3,36,False,AlphaBeta-new-d3,-1,42,29.01213264465332
Random__VS__AlphaBeta-new-d3__GAME__37,Random,AlphaBeta-new-d3,37,True,Random,-1,11,7.692720174789429
Random__VS__AlphaBeta-new-d3__GAME__38,Random,AlphaBeta-new-d3,38,False,AlphaBeta-new-d3,-1,10,6.079126358032227
Random__VS__AlphaBeta-new-d3__GAME__39,Random,AlphaBeta-new-d3,39,True,AlphaBeta-new-d3,1,11,5.782318592071533
Random__VS__AlphaBeta-new-d3__GAME__40,Random,AlphaBeta-new-d3,40,False,AlphaBeta-new-d3,-1,36,23.03128957748413
Random__VS__AlphaBeta-new-d3__GAME__41,Random,AlphaBeta-new-d3,41,True,AlphaBeta-new-d3,1,7,3.2330284118652344
Random__VS__AlphaBeta-new-d3__GAME__42,Random,AlphaBeta-new-d3,42,False,Random,1,30,19.4052631855011
Random__VS__AlphaBeta-new-d3__GAME__43,Random,AlphaBeta-new-d3,43,True,AlphaBeta-new-d3,1,9,4.706603288650513
Random__VS__AlphaBeta-new-d3__GAME__44,Random,AlphaBeta-new-d3,44,False,Random,1,6,2.578167200088501
Random__VS__AlphaBeta-new-d3__GAME__45,Random,AlphaBeta-new-d3,45,True,AlphaBeta-new-d3,1,11,4.783618688583374
Random__VS__AlphaBeta-new-d3__GAME__46,Random,AlphaBeta-new-d3,46,False,AlphaBeta-new-d3,-1,8,3.0210795402526855
Random__VS__AlphaBeta-new-d3__GAME__47,Random,AlphaBeta-new-d3,47,True,AlphaBeta-new-d3,1,19,11.531304597854614
Random__VS__AlphaBeta-new-d3__GAME__48,Random,AlphaBeta-new-d3,48,False,AlphaBeta-new-d3,-1,6,3.030911922454834
Random__VS__AlphaBeta-new-d3__GAME__49,Random,AlphaBeta-new-d3,49,True,AlphaBeta-new-d3,1,11,5.042881488800049
Random__VS__MCTS-old-100__GAME__0,Random,MCTS-old-100,0,False,MCTS-old-100,-1,8,3.5286805629730225
Random__VS__MCTS-old-100__GAME__1,Random,MCTS-old-100,1,True,MCTS-old-100,1,11,7.37052059173584
Random__VS__MCTS-old-100__GAME__2,Random,MCTS-old-100,2,False,MCTS-old-100,-1,44,38.65039253234863
Random__VS__MCTS-old-100__GAME__3,Random,MCTS-old-100,3,True,MCTS-old-100,1,25,19.824233055114746
Random__VS__MCTS-old-100__GAME__4,Random,MCTS-old-100,4,False,MCTS-old-100,-1,10,5.311681032180786
Random__VS__MCTS-old-100__GAME__5,Random,MCTS-old-100,5,True,MCTS-old-100,1,37,31.673038244247437
Random__VS__MCTS-old-100__GAME__6,Random,MCTS-old-100,6,False,MCTS-old-100,-1,8,3.709479808807373
Random__VS__MCTS-old-100__GAME__7,Random,MCTS-old-100,7,True,MCTS-old-100,1,7,4.313379764556885
Random__VS__MCTS-old-100__GAME__8,Random,MCTS-old-100,8,False,MCTS-old-100,-1,22,14.295119524002075
Random__VS__MCTS-old-100__GAME__9,Random,MCTS-old-100,9,True,MCTS-old-100,1,7,4.057116985321045
Random__VS__MCTS-old-100__GAME__10,Random,MCTS-old-100,10,False,MCTS-old-100,-1,14,7.02029275894165
Random__VS__MCTS-old-100__GAME__11,Random,MCTS-old-100,11,True,MCTS-old-100,1,7,3.7741715908050537
Random__VS__MCTS-old-100__GAME__12,Random,MCTS-old-100,12,False,MCTS-old-100,-1,8,3.6865625381469727
Random__VS__MCTS-old-100__GAME__13,Random,MCTS-old-100,13,True,MCTS-old-100,1,11,6.923216342926025
Random__VS__MCTS-old-100__GAME__14,Random,MCTS-old-100,14,False,draw,0,50,43.05747413635254
Random__VS__MCTS-old-100__GAME__15,Random,MCTS-old-100,15,True,MCTS-old-100,1,5,2.4329075813293457
Random__VS__MCTS-old-100__GAME__16,Random,MCTS-old-100,16,False,MCTS-old-100,-1,8,3.706834316253662
Random__VS__MCTS-old-100__GAME__17,Random,MCTS-old-100,17,True,Random,-1,9,5.719154357910156
Random__VS__MCTS-old-100__GAME__18,Random,MCTS-old-100,18,False,MCTS-old-100,-1,8,4.086633682250977
Random__VS__MCTS-old-100__GAME__19,Random,MCTS-old-100,19,True,MCTS-old-100,1,7,3.7697970867156982
Random__VS__MCTS-old-100__GAME__20,Random,MCTS-old-100,20,False,Random,1,8,4.576012134552002
Random__VS__MCTS-old-100__GAME__21,Random,MCTS-old-100,21,True,MCTS-old-100,1,5,2.407088279724121
Random__VS__MCTS-old-100__GAME__22,Random,MCTS-old-100,22,False,MCTS-old-100,-1,6,2.342886209487915
Random__VS__MCTS-old-100__GAME__23,Random,MCTS-old-100,23,True,MCTS-old-100,1,9,4.72648024559021
Random__VS__MCTS-old-100__GAME__24,Random,MCTS-old-100,24,False,MCTS-old-100,-1,8,3.3409805297851562
Random__VS__MCTS-old-100__GAME__25,Random,MCTS-old-100,25,True,MCTS-old-100,1,7,3.997779369354248
Random__VS__MCTS-old-100__GAME__26,Random,MCTS-old-100,26,False,MCTS-old-100,-1,10,4.327593564987183
Random__VS__MCTS-old-100__GAME__27,Random,MCTS-old-100,27,True,MCTS-old-100,1,5,2.2965376377105713
Random__VS__MCTS-old-100__GAME__28,Random,MCTS-old-100,28,False,MCTS-old-100,-1,14,9.581212759017944
Random__VS__MCTS-old-100__GAME__29,Random,MCTS-old-100,29,True,MCTS-old-100,1,13,8.057019472122192
Random__VS__MCTS-old-100__GAME__30,Random,MCTS-old-100,30,False,MCTS-old-100,-1,40,35.40440821647644
Random__VS__MCTS-old-100__GAME__31,Random,MCTS-old-100,31,True,MCTS-old-100,1,13,8.132867097854614
Random__VS__MCTS-old-100__GAME__32,Random,MCTS-old-100,32,False,MCTS-old-100,-1,6,2.6325032711029053
Random__VS__MCTS-old-100__GAME__33,Random,MCTS-old-100,33,True,MCTS-old-100,1,9,5.761425018310547
Random__VS__MCTS-old-100__GAME__34,Random,MCTS-old-100,34,False,MCTS-old-100,-1,8,3.854363203048706
Random__VS__MCTS-old-100__GAME__35,Random,MCTS-old-100,35,True,MCTS-old-100,1,5,2.3952713012695312
Random__VS__MCTS-old-100__GAME__36,Random,MCTS-old-100,36,False,Random,1,6,3.2038819789886475
Random__VS__MCTS-old-100__GAME__37,Random,MCTS-old-100,37,True,MCTS-old-100,1,5,2.3616209030151367
Random__VS__MCTS-old-100__GAME__38,Random,MCTS-old-100,38,False,MCTS-old-100,-1,6,2.5168890953063965
Random__VS__MCTS-old-100__GAME__39,Random,MCTS-old-100,39,True,MCTS-old-100,1,7,3.6576406955718994
Random__VS__MCTS-old-100__GAME__40,Random,MCTS-old-100,40,False,MCTS-old-100,-1,8,4.755763292312622
Random__VS__MCTS-old-100__GAME__41,Random,MCTS-old-100,41,True,MCTS-old-100,1,7,3.950355052947998
Random__VS__MCTS-old-100__GAME__42,Random,MCTS-old-100,42,False,MCTS-old-100,-1,14,8.694807767868042
Random__VS__MCTS-old-100__GAME__43,Random,MCTS-old-100,43,True,MCTS-old-100,1,5,3.0890419483184814
Random__VS__MCTS-old-100__GAME__44,Random,MCTS-old-100,44,False,MCTS-old-100,-1,16,10.416592121124268
Random__VS__MCTS-old-100__GAME__45,Random,MCTS-old-100,45,True,MCTS-old-100,1,13,8.54074501991272
Random__VS__MCTS-old-100__GAME__46,Random,MCTS-old-100,46,False,MCTS-old-100,-1,6,2.5779781341552734
Random__VS__MCTS-old-100__GAME__47,Random,MCTS-old-100,47,True,MCTS-old-100,1,5,2.320186138153076
Random__VS__MCTS-old-100__GAME__48,Random,MCTS-old-100,48,False,MCTS-old-100,-1,8,3.5711638927459717
Random__VS__MCTS-old-100__GAME__49,Random,MCTS-old-100,49,True,Random,-1,5,3.757786750793457
Random__VS__MCTS-new-100__GAME__0,Random,MCTS-new-100,0,False,MCTS-new-100,-1,36,32.23336935043335
Random__VS__MCTS-new-100__GAME__1,Random,MCTS-new-100,1,True,MCTS-new-100,1,7,4.280318975448608
Random__VS__MCTS-new-100__GAME__2,Random,MCTS-new-100,2,False,MCTS-new-100,-1,14,8.625657320022583
Random__VS__MCTS-new-100__GAME__3,Random,MCTS-new-100,3,True,MCTS-new-100,1,5,2.783511161804199
Random__VS__MCTS-new-100__GAME__4,Random,MCTS-new-100,4,False,MCTS-new-100,-1,10,5.928900241851807
Random__VS__MCTS-new-100__GAME__5,Random,MCTS-new-100,5,True,MCTS-new-100,1,5,2.5390098094940186
Random__VS__MCTS-new-100__GAME__6,Random,MCTS-new-100,6,False,MCTS-new-100,-1,22,20.44772458076477
Random__VS__MCTS-new-100__GAME__7,Random,MCTS-new-100,7,True,MCTS-new-100,1,7,3.5219576358795166
Random__VS__MCTS-new-100__GAME__8,Random,MCTS-new-100,8,False,MCTS-new-100,-1,4,1.2019500732421875
Random__VS__MCTS-new-100__GAME__9,Random,MCTS-new-100,9,True,MCTS-new-100,1,9,5.735756874084473
Random__VS__MCTS-new-100__GAME__10,Random,MCTS-new-100,10,False,MCTS-new-100,-1,14,10.342601776123047
Random__VS__MCTS-new-100__GAME__11,Random,MCTS-new-100,11,True,MCTS-new-100,1,11,6.547540903091431
Random__VS__MCTS-new-100__GAME__12,Random,MCTS-new-100,12,False,draw,0,50,40.760308504104614
Random__VS__MCTS-new-100__GAME__13,Random,MCTS-new-100,13,True,MCTS-new-100,1,7,4.043978214263916
Random__VS__MCTS-new-100__GAME__14,Random,MCTS-new-100,14,False,MCTS-new-100,-1,28,23.611615657806396
Random__VS__MCTS-new-100__GAME__15,Random,MCTS-new-100,15,True,MCTS-new-100,1,19,15.785004615783691
Random__VS__MCTS-new-100__GAME__16,Random,MCTS-new-100,16,False,MCTS-new-100,-1,6,2.4951138496398926
Random__VS__MCTS-new-100__GAME__17,Random,MCTS-new-100,17,True,MCTS-new-100,1,9,5.3491551876068115
Random__VS__MCTS-new-100__GAME__18,Random,MCTS-new-100,18,False,MCTS-new-100,-1,14,12.274277925491333
Random__VS__MCTS-new-100__GAME__19,Random,MCTS-new-100,19,True,MCTS-new-100,1,17,15.559725522994995
Random__VS__MCTS-new-100__GAME__20,Random,MCTS-new-100,20,False,MCTS-new-100,-1,8,4.573165655136108
Random__VS__MCTS-new-100__GAME__21,Random,MCTS-new-100,21,True,MCTS-new-100,1,9,6.54629373550415
Random__VS__MCTS-new-100__GAME__22,Random,MCTS-new-100,22,False,MCTS-new-100,-1,10,6.48933744430542
Random__VS__MCTS-new-100__GAME__23,Random,MCTS-new-100,23,True,MCTS-new-100,1,19,16.907400608062744
Random__VS__MCTS-new-100__GAME__24,Random,MCTS-new-100,24,False,Random,1,10,5.748655319213867
Random__VS__MCTS-new-100__GAME__25,Random,MCTS-new-100,25,True,MCTS-new-100,1,17,12.305192470550537
Random__VS__MCTS-new-100__GAME__26,Random,MCTS-new-100,26,False,MCTS-new-100,-1,8,3.666989326477051
Random__VS__MCTS-new-100__GAME__27,Random,MCTS-new-100,27,True,MCTS-new-100,1,9,5.546549320220947
Random__VS__MCTS-new-100__GAME__28,Random,MCTS-new-100,28,False,MCTS-new-100,-1,8,3.9563167095184326
Random__VS__MCTS-new-100__GAME__29,Random,MCTS-new-100,29,True,MCTS-new-100,1,7,5.012003183364868
Random__VS__MCTS-new-100__GAME__30,Random,MCTS-new-100,30,False,MCTS-new-100,-1,4,1.4067952632904053
Random__VS__MCTS-new-100__GAME__31,Random,MCTS-new-100,31,True,MCTS-new-100,1,7,4.1537559032440186
Random__VS__MCTS-new-100__GAME__32,Random,MCTS-new-100,32,False,MCTS-new-100,-1,30,27.63277530670166
Random__VS__MCTS-new-100__GAME__33,Random,MCTS-new-100,33,True,MCTS-new-100,1,11,7.999764442443848
Random__VS__MCTS-new-100__GAME__34,Random,MCTS-new-100,34,False,MCTS-new-100,-1,14,7.99482536315918
Random__VS__MCTS-new-100__GAME__35,Random,MCTS-new-100,35,True,MCTS-new-100,1,9,5.799490451812744
Random__VS__MCTS-new-100__GAME__36,Random,MCTS-new-100,36,False,draw,0,50,52.398895502090454
Random__VS__MCTS-new-100__GAME__37,Random,MCTS-new-100,37,True,MCTS-new-100,1,13,10.51656699180603
Random__VS__MCTS-new-100__GAME__38,Random,MCTS-new-100,38,False,MCTS-new-100,-1,8,3.4514987468719482
Random__VS__MCTS-new-100__GAME__39,Random,MCTS-new-100,39,True,MCTS-new-100,1,29,26.327061414718628
Random__VS__MCTS-new-100__GAME__40,Random,MCTS-new-100,40,False,draw,0,50,48.31425619125366
Random__VS__MCTS-new-100__GAME__41,Random,MCTS-new-100,41,True,draw,0,50,36.80046534538269
Random__VS__MCTS-new-100__GAME__42,Random,MCTS-new-100,42,False,MCTS-new-100,-1,24,21.885860919952393
Random__VS__MCTS-new-100__GAME__43,Random,MCTS-new-100,43,True,MCTS-new-100,1,11,7.238809108734131
Random__VS__MCTS-new-100__GAME__44,Random,MCTS-new-100,44,False,MCTS-new-100,-1,14,10.483323097229004
Random__VS__MCTS-new-100__GAME__45,Random,MCTS-new-100,45,True,MCTS-new-100,1,13,9.328903198242188
Random__VS__MCTS-new-100__GAME__46,Random,MCTS-new-100,46,False,MCTS-new-100,-1,8,3.478123188018799
Random__VS__MCTS-new-100__GAME__47,Random,MCTS-new-100,47,True,MCTS-new-100,1,17,13.108852863311768
Random__VS__MCTS-new-100__GAME__48,Random,MCTS-new-100,48,False,MCTS-new-100,-1,10,5.605470895767212
Random__VS__MCTS-new-100__GAME__49,Random,MCTS-new-100,49,True,MCTS-new-100,1,11,8.637836456298828
Heuristic__VS__AlphaBeta-new-d3__GAME__0,Heuristic,AlphaBeta-new-d3,0,False,Heuristic,1,9,7.52640962600708
Heuristic__VS__AlphaBeta-new-d3__GAME__1,Heuristic,AlphaBeta-new-d3,1,True,Heuristic,-1,6,4.180050373077393
Heuristic__VS__AlphaBeta-new-d3__GAME__2,Heuristic,AlphaBeta-new-d3,2,False,Heuristic,1,9,7.16729211807251
Heuristic__VS__AlphaBeta-new-d3__GAME__3,Heuristic,AlphaBeta-new-d3,3,True,Heuristic,-1,5,3.229294538497925
Heuristic__VS__AlphaBeta-new-d3__GAME__4,Heuristic,AlphaBeta-new-d3,4,False,AlphaBeta-new-d3,-1,10,10.321864604949951
Heuristic__VS__AlphaBeta-new-d3__GAME__5,Heuristic,AlphaBeta-new-d3,5,True,Heuristic,-1,7,7.950786113739014
Heuristic__VS__AlphaBeta-new-d3__GAME__6,Heuristic,AlphaBeta-new-d3,6,False,Heuristic,1,5,2.5659966468811035
Heuristic__VS__AlphaBeta-new-d3__GAME__7,Heuristic,AlphaBeta-new-d3,7,True,Heuristic,-1,8,6.309625625610352
Heuristic__VS__AlphaBeta-new-d3__GAME__8,Heuristic,AlphaBeta-new-d3,8,False,Heuristic,1,6,4.420950412750244
Heuristic__VS__AlphaBeta-new-d3__GAME__9,Heuristic,AlphaBeta-new-d3,9,True,Heuristic,-1,6,4.351047992706299
Heuristic__VS__AlphaBeta-new-d3__GAME__10,Heuristic,AlphaBeta-new-d3,10,False,Heuristic,1,11,9.401361465454102
Heuristic__VS__AlphaBeta-new-d3__GAME__11,Heuristic,AlphaBeta-new-d3,11,True,Heuristic,-1,6,4.275628566741943
Heuristic__VS__AlphaBeta-new-d3__GAME__12,Heuristic,AlphaBeta-new-d3,12,False,Heuristic,1,9,7.9028379917144775
Heuristic__VS__AlphaBeta-new-d3__GAME__13,Heuristic,AlphaBeta-new-d3,13,True,Heuristic,-1,4,3.3782694339752197
Heuristic__VS__AlphaBeta-new-d3__GAME__14,Heuristic,AlphaBeta-new-d3,14,False,Heuristic,1,9,7.0842955112457275
Heuristic__VS__AlphaBeta-new-d3__GAME__15,Heuristic,AlphaBeta-new-d3,15,True,Heuristic,-1,6,3.844175338745117
Heuristic__VS__AlphaBeta-new-d3__GAME__16,Heuristic,AlphaBeta-new-d3,16,False,Heuristic,1,11,11.059996843338013
Heuristic__VS__AlphaBeta-new-d3__GAME__17,Heuristic,AlphaBeta-new-d3,17,True,Heuristic,-1,6,3.69549298286438
Heuristic__VS__AlphaBeta-new-d3__GAME__18,Heuristic,AlphaBeta-new-d3,18,False,Heuristic,1,7,4.590070009231567
Heuristic__VS__AlphaBeta-new-d3__GAME__19,Heuristic,AlphaBeta-new-d3,19,True,Heuristic,-1,6,3.1087231636047363
Heuristic__VS__AlphaBeta-new-d3__GAME__20,Heuristic,AlphaBeta-new-d3,20,False,Heuristic,1,9,6.912350416183472
Heuristic__VS__AlphaBeta-new-d3__GAME__21,Heuristic,AlphaBeta-new-d3,21,True,Heuristic,-1,5,3.941240072250366
Heuristic__VS__AlphaBeta-new-d3__GAME__22,Heuristic,AlphaBeta-new-d3,22,False,AlphaBeta-new-d3,-1,10,7.714288711547852
Heuristic__VS__AlphaBeta-new-d3__GAME__23,Heuristic,AlphaBeta-new-d3,23,True,Heuristic,-1,10,8.912915468215942
Heuristic__VS__AlphaBeta-new-d3__GAME__24,Heuristic,AlphaBeta-new-d3,24,False,Heuristic,1,5,2.9662952423095703
Heuristic__VS__AlphaBeta-new-d3__GAME__25,Heuristic,AlphaBeta-new-d3,25,True,Heuristic,-1,6,4.144610643386841
Heuristic__VS__AlphaBeta-new-d3__GAME__26,Heuristic,AlphaBeta-new-d3,26,False,Heuristic,1,7,4.821308612823486
Heuristic__VS__AlphaBeta-new-d3__GAME__27,Heuristic,AlphaBeta-new-d3,27,True,Heuristic,-1,8,5.191256999969482
Heuristic__VS__AlphaBeta-new-d3__GAME__28,Heuristic,AlphaBeta-new-d3,28,False,Heuristic,1,7,4.3596765995025635
Heuristic__VS__AlphaBeta-new-d3__GAME__29,Heuristic,AlphaBeta-new-d3,29,True,Heuristic,-1,9,8.422374963760376
Heuristic__VS__AlphaBeta-new-d3__GAME__30,Heuristic,AlphaBeta-new-d3,30,False,Heuristic,1,6,4.364826917648315
Heuristic__VS__AlphaBeta-new-d3__GAME__31,Heuristic,AlphaBeta-new-d3,31,True,Heuristic,-1,8,5.916798830032349
Heuristic__VS__AlphaBeta-new-d3__GAME__32,Heuristic,AlphaBeta-new-d3,32,False,Heuristic,1,7,4.526269435882568
Heuristic__VS__AlphaBeta-new-d3__GAME__33,Heuristic,AlphaBeta-new-d3,33,True,Heuristic,-1,5,4.225878477096558
Heuristic__VS__AlphaBeta-new-d3__GAME__34,Heuristic,AlphaBeta-new-d3,34,False,Heuristic,1,5,3.230555772781372
Heuristic__VS__AlphaBeta-new-d3__GAME__35,Heuristic,AlphaBeta-new-d3,35,True,Heuristic,-1,12,10.960447311401367
Heuristic__VS__AlphaBeta-new-d3__GAME__36,Heuristic,AlphaBeta-new-d3,36,False,Heuristic,1,11,8.194158554077148
Heuristic__VS__AlphaBeta-new-d3__GAME__37,Heuristic,AlphaBeta-new-d3,37,True,Heuristic,-1,8,6.296907186508179
Heuristic__VS__AlphaBeta-new-d3__GAME__38,Heuristic,AlphaBeta-new-d3,38,False,Heuristic,1,9,6.366223096847534
Heuristic__VS__AlphaBeta-new-d3__GAME__39,Heuristic,AlphaBeta-new-d3,39,True,Heuristic,-1,10,8.606045246124268
Heuristic__VS__AlphaBeta-new-d3__GAME__40,Heuristic,AlphaBeta-new-d3,40,False,Heuristic,1,8,6.062043905258179
Heuristic__VS__AlphaBeta-new-d3__GAME__41,Heuristic,AlphaBeta-new-d3,41,True,Heuristic,-1,5,3.097935438156128
Heuristic__VS__AlphaBeta-new-d3__GAME__42,Heuristic,AlphaBeta-new-d3,42,False,Heuristic,1,9,7.945230484008789
Heuristic__VS__AlphaBeta-new-d3__GAME__43,Heuristic,AlphaBeta-new-d3,43,True,Heuristic,-1,10,8.567377090454102
Heuristic__VS__AlphaBeta-new-d3__GAME__44,Heuristic,AlphaBeta-new-d3,44,False,Heuristic,1,7,4.713802814483643
Heuristic__VS__AlphaBeta-new-d3__GAME__45,Heuristic,AlphaBeta-new-d3,45,True,Heuristic,-1,8,7.344640493392944
Heuristic__VS__AlphaBeta-new-d3__GAME__46,Heuristic,AlphaBeta-new-d3,46,False,Heuristic,1,13,11.682329893112183
Heuristic__VS__AlphaBeta-new-d3__GAME__47,Heuristic,AlphaBeta-new-d3,47,True,Heuristic,-1,5,3.602689266204834
Heuristic__VS__AlphaBeta-new-d3__GAME__48,Heuristic,AlphaBeta-new-d3,48,False,Heuristic,1,9,6.059626817703247
Heuristic__VS__AlphaBeta-new-d3__GAME__49,Heuristic,AlphaBeta-new-d3,49,True,Heuristic,-1,6,3.455580949783325
Heuristic__VS__MCTS-old-100__GAME__0,Heuristic,MCTS-old-100,0,False,Heuristic,1,6,5.610519170761108
Heuristic__VS__MCTS-old-100__GAME__1,Heuristic,MCTS-old-100,1,True,Heuristic,-1,16,18.380151987075806
Heuristic__VS__MCTS-old-100__GAME__2,Heuristic,MCTS-old-100,2,False,Heuristic,1,13,11.446176528930664
Heuristic__VS__MCTS-old-100__GAME__3,Heuristic,MCTS-old-100,3,True,Heuristic,-1,8,7.164613485336304
Heuristic__VS__MCTS-old-100__GAME__4,Heuristic,MCTS-old-100,4,False,Heuristic,1,6,5.0447022914886475
Heuristic__VS__MCTS-old-100__GAME__5,Heuristic,MCTS-old-100,5,True,Heuristic,-1,7,6.087532043457031
Heuristic__VS__MCTS-old-100__GAME__6,Heuristic,MCTS-old-100,6,False,Heuristic,1,4,3.108999729156494
Heuristic__VS__MCTS-old-100__GAME__7,Heuristic,MCTS-old-100,7,True,Heuristic,-1,30,55.30422306060791
Heuristic__VS__MCTS-old-100__GAME__8,Heuristic,MCTS-old-100,8,False,Heuristic,1,13,11.87546992301941
Heuristic__VS__MCTS-old-100__GAME__9,Heuristic,MCTS-old-100,9,True,Heuristic,-1,5,4.2433693408966064
Heuristic__VS__MCTS-old-100__GAME__10,Heuristic,MCTS-old-100,10,False,Heuristic,1,19,28.000418663024902
Heuristic__VS__MCTS-old-100__GAME__11,Heuristic,MCTS-old-100,11,True,draw,0,50,70.60007667541504
Heuristic__VS__MCTS-old-100__GAME__12,Heuristic,MCTS-old-100,12,False,Heuristic,1,6,5.842244863510132
Heuristic__VS__MCTS-old-100__GAME__13,Heuristic,MCTS-old-100,13,True,Heuristic,-1,10,9.89578127861023
Heuristic__VS__MCTS-old-100__GAME__14,Heuristic,MCTS-old-100,14,False,Heuristic,1,27,36.38978028297424
Heuristic__VS__MCTS-old-100__GAME__15,Heuristic,MCTS-old-100,15,True,Heuristic,-1,7,6.289790630340576
Heuristic__VS__MCTS-old-100__GAME__16,Heuristic,MCTS-old-100,16,False,Heuristic,1,13,12.727749109268188
Heuristic__VS__MCTS-old-100__GAME__17,Heuristic,MCTS-old-100,17,True,Heuristic,-1,36,49.616376638412476
Heuristic__VS__MCTS-old-100__GAME__18,Heuristic,MCTS-old-100,18,False,Heuristic,1,9,8.880865573883057
Heuristic__VS__MCTS-old-100__GAME__19,Heuristic,MCTS-old-100,19,True,Heuristic,-1,9,9.831067562103271
Heuristic__VS__MCTS-old-100__GAME__20,Heuristic,MCTS-old-100,20,False,Heuristic,1,11,10.042564392089844
Heuristic__VS__MCTS-old-100__GAME__21,Heuristic,MCTS-old-100,21,True,Heuristic,-1,7,6.458389759063721
Heuristic__VS__MCTS-old-100__GAME__22,Heuristic,MCTS-old-100,22,False,Heuristic,1,4,2.876865863800049
Heuristic__VS__MCTS-old-100__GAME__23,Heuristic,MCTS-old-100,23,True,Heuristic,-1,5,4.726359844207764
Heuristic__VS__MCTS-old-100__GAME__24,Heuristic,MCTS-old-100,24,False,Heuristic,1,8,6.951350212097168
Heuristic__VS__MCTS-old-100__GAME__25,Heuristic,MCTS-old-100,25,True,Heuristic,-1,10,9.16921329498291
Heuristic__VS__MCTS-old-100__GAME__26,Heuristic,MCTS-old-100,26,False,Heuristic,1,6,4.482585668563843
Heuristic__VS__MCTS-old-100__GAME__27,Heuristic,MCTS-old-100,27,True,Heuristic,-1,12,12.854679584503174
Heuristic__VS__MCTS-old-100__GAME__28,Heuristic,MCTS-old-100,28,False,Heuristic,1,18,21.553739547729492
Heuristic__VS__MCTS-old-100__GAME__29,Heuristic,MCTS-old-100,29,True,draw,0,50,54.07340359687805
Heuristic__VS__MCTS-old-100__GAME__30,Heuristic,MCTS-old-100,30,False,Heuristic,1,15,18.210057258605957
Heuristic__VS__MCTS-old-100__GAME__31,Heuristic,MCTS-old-100,31,True,Heuristic,-1,13,15.654033660888672
Heuristic__VS__MCTS-old-100__GAME__32,Heuristic,MCTS-old-100,32,False,Heuristic,1,15,15.412029027938843
Heuristic__VS__MCTS-old-100__GAME__33,Heuristic,MCTS-old-100,33,True,Heuristic,-1,6,5.6848907470703125
Heuristic__VS__MCTS-old-100__GAME__34,Heuristic,MCTS-old-100,34,False,Heuristic,1,6,4.871259927749634
Heuristic__VS__MCTS-old-100__GAME__35,Heuristic,MCTS-old-100,35,True,Heuristic,-1,16,19.436673164367676
Heuristic__VS__MCTS-old-100__GAME__36,Heuristic,MCTS-old-100,36,False,MCTS-old-100,-1,24,36.64704465866089
Heuristic__VS__MCTS-old-100__GAME__37,Heuristic,MCTS-old-100,37,True,Heuristic,-1,12,14.020931243896484
Heuristic__VS__MCTS-old-100__GAME__38,Heuristic,MCTS-old-100,38,False,Heuristic,1,6,5.278968095779419
Heuristic__VS__MCTS-old-100__GAME__39,Heuristic,MCTS-old-100,39,True,MCTS-old-100,1,9,7.739816904067993
Heuristic__VS__MCTS-old-100__GAME__40,Heuristic,MCTS-old-100,40,False,Heuristic,1,9,7.351744651794434
Heuristic__VS__MCTS-old-100__GAME__41,Heuristic,MCTS-old-100,41,True,Heuristic,-1,15,20.242103099822998
Heuristic__VS__MCTS-old-100__GAME__42,Heuristic,MCTS-old-100,42,False,Heuristic,1,9,8.940775156021118
Heuristic__VS__MCTS-old-100__GAME__43,Heuristic,MCTS-old-100,43,True,MCTS-old-100,1,9,7.111737966537476
Heuristic__VS__MCTS-old-100__GAME__44,Heuristic,MCTS-old-100,44,False,Heuristic,1,12,13.33517575263977
Heuristic__VS__MCTS-old-100__GAME__45,Heuristic,MCTS-old-100,45,True,Heuristic,-1,8,7.737339735031128
Heuristic__VS__MCTS-old-100__GAME__46,Heuristic,MCTS-old-100,46,False,Heuristic,1,5,3.1547107696533203
Heuristic__VS__MCTS-old-100__GAME__47,Heuristic,MCTS-old-100,47,True,Heuristic,-1,8,7.918740510940552
Heuristic__VS__MCTS-old-100__GAME__48,Heuristic,MCTS-old-100,48,False,Heuristic,1,4,3.315464496612549
Heuristic__VS__MCTS-old-100__GAME__49,Heuristic,MCTS-old-100,49,True,Heuristic,-1,9,9.085903406143188
Heuristic__VS__MCTS-new-100__GAME__0,Heuristic,MCTS-new-100,0,False,Heuristic,1,13,19.201379537582397
Heuristic__VS__MCTS-new-100__GAME__1,Heuristic,MCTS-new-100,1,True,Heuristic,-1,10,11.456566333770752
Heuristic__VS__MCTS-new-100__GAME__2,Heuristic,MCTS-new-100,2,False,MCTS-new-100,-1,8,6.960123538970947
Heuristic__VS__MCTS-new-100__GAME__3,Heuristic,MCTS-new-100,3,True,Heuristic,-1,9,8.906012535095215
Heuristic__VS__MCTS-new-100__GAME__4,Heuristic,MCTS-new-100,4,False,Heuristic,1,4,3.2036757469177246
Heuristic__VS__MCTS-new-100__GAME__5,Heuristic,MCTS-new-100,5,True,Heuristic,-1,9,11.880274057388306
Heuristic__VS__MCTS-new-100__GAME__6,Heuristic,MCTS-new-100,6,False,Heuristic,1,11,15.078754425048828
Heuristic__VS__MCTS-new-100__GAME__7,Heuristic,MCTS-new-100,7,True,Heuristic,-1,20,26.93110489845276
Heuristic__VS__MCTS-new-100__GAME__8,Heuristic,MCTS-new-100,8,False,Heuristic,1,23,37.24925899505615
Heuristic__VS__MCTS-new-100__GAME__9,Heuristic,MCTS-new-100,9,True,Heuristic,-1,11,10.396381378173828
Heuristic__VS__MCTS-new-100__GAME__10,Heuristic,MCTS-new-100,10,False,MCTS-new-100,-1,10,8.972999572753906
Heuristic__VS__MCTS-new-100__GAME__11,Heuristic,MCTS-new-100,11,True,Heuristic,-1,12,13.73579740524292
Heuristic__VS__MCTS-new-100__GAME__12,Heuristic,MCTS-new-100,12,False,Heuristic,1,13,15.842129707336426
Heuristic__VS__MCTS-new-100__GAME__13,Heuristic,MCTS-new-100,13,True,Heuristic,-1,10,10.305058002471924
Heuristic__VS__MCTS-new-100__GAME__14,Heuristic,MCTS-new-100,14,False,Heuristic,1,7,5.418931484222412
Heuristic__VS__MCTS-new-100__GAME__15,Heuristic,MCTS-new-100,15,True,Heuristic,-1,36,79.04986262321472
Heuristic__VS__MCTS-new-100__GAME__16,Heuristic,MCTS-new-100,16,False,Heuristic,1,12,12.175661087036133
Heuristic__VS__MCTS-new-100__GAME__17,Heuristic,MCTS-new-100,17,True,MCTS-new-100,1,9,8.20106291770935
Heuristic__VS__MCTS-new-100__GAME__18,Heuristic,MCTS-new-100,18,False,Heuristic,1,5,3.7394607067108154
Heuristic__VS__MCTS-new-100__GAME__19,Heuristic,MCTS-new-100,19,True,Heuristic,-1,8,6.723882675170898
Heuristic__VS__MCTS-new-100__GAME__20,Heuristic,MCTS-new-100,20,False,Heuristic,1,7,5.068710803985596
Heuristic__VS__MCTS-new-100__GAME__21,Heuristic,MCTS-new-100,21,True,draw,0,50,117.25964331626892
Heuristic__VS__MCTS-new-100__GAME__22,Heuristic,MCTS-new-100,22,False,Heuristic,1,7,5.341090679168701
Heuristic__VS__MCTS-new-100__GAME__23,Heuristic,MCTS-new-100,23,True,Heuristic,-1,30,73.19162893295288
Heuristic__VS__MCTS-new-100__GAME__24,Heuristic,MCTS-new-100,24,False,Heuristic,1,8,6.507014989852905
Heuristic__VS__MCTS-new-100__GAME__25,Heuristic,MCTS-new-100,25,True,draw,0,50,74.17430543899536
Heuristic__VS__MCTS-new-100__GAME__26,Heuristic,MCTS-new-100,26,False,Heuristic,1,6,6.337609767913818
Heuristic__VS__MCTS-new-100__GAME__27,Heuristic,MCTS-new-100,27,True,Heuristic,-1,9,8.365504026412964
Heuristic__VS__MCTS-new-100__GAME__28,Heuristic,MCTS-new-100,28,False,Heuristic,1,13,15.195080041885376
Heuristic__VS__MCTS-new-100__GAME__29,Heuristic,MCTS-new-100,29,True,Heuristic,-1,22,41.71556115150452
Heuristic__VS__MCTS-new-100__GAME__30,Heuristic,MCTS-new-100,30,False,Heuristic,1,8,6.883870601654053
Heuristic__VS__MCTS-new-100__GAME__31,Heuristic,MCTS-new-100,31,True,Heuristic,-1,21,33.590787410736084
Heuristic__VS__MCTS-new-100__GAME__32,Heuristic,MCTS-new-100,32,False,Heuristic,1,13,15.166578769683838
Heuristic__VS__MCTS-new-100__GAME__33,Heuristic,MCTS-new-100,33,True,draw,0,50,68.928377866745
Heuristic__VS__MCTS-new-100__GAME__34,Heuristic,MCTS-new-100,34,False,Heuristic,1,5,3.6430599689483643
Heuristic__VS__MCTS-new-100__GAME__35,Heuristic,MCTS-new-100,35,True,Heuristic,-1,5,5.570775985717773
Heuristic__VS__MCTS-new-100__GAME__36,Heuristic,MCTS-new-100,36,False,Heuristic,1,4,3.629579544067383
Heuristic__VS__MCTS-new-100__GAME__37,Heuristic,MCTS-new-100,37,True,Heuristic,-1,8,7.315117835998535
Heuristic__VS__MCTS-new-100__GAME__38,Heuristic,MCTS-new-100,38,False,Heuristic,1,7,6.233704328536987
Heuristic__VS__MCTS-new-100__GAME__39,Heuristic,MCTS-new-100,39,True,Heuristic,-1,8,8.410574913024902
Heuristic__VS__MCTS-new-100__GAME__40,Heuristic,MCTS-new-100,40,False,MCTS-new-100,-1,8,5.977663516998291
Heuristic__VS__MCTS-new-100__GAME__41,Heuristic,MCTS-new-100,41,True,Heuristic,-1,24,31.971283674240112
Heuristic__VS__MCTS-new-100__GAME__42,Heuristic,MCTS-new-100,42,False,Heuristic,1,6,5.256319284439087
Heuristic__VS__MCTS-new-100__GAME__43,Heuristic,MCTS-new-100,43,True,MCTS-new-100,1,9,8.924158096313477
Heuristic__VS__MCTS-new-100__GAME__44,Heuristic,MCTS-new-100,44,False,Heuristic,1,17,25.112785816192627
Heuristic__VS__MCTS-new-100__GAME__45,Heuristic,MCTS-new-100,45,True,Heuristic,-1,6,5.42395806312561
Heuristic__VS__MCTS-new-100__GAME__46,Heuristic,MCTS-new-100,46,False,Heuristic,1,11,13.847062349319458
Heuristic__VS__MCTS-new-100__GAME__47,Heuristic,MCTS-new-100,47,True,Heuristic,-1,11,13.854215383529663
Heuristic__VS__MCTS-new-100__GAME__48,Heuristic,MCTS-new-100,48,False,Heuristic,1,5,3.479860544204712
Heuristic__VS__MCTS-new-100__GAME__49,Heuristic,MCTS-new-100,49,True,Heuristic,-1,12,13.632407426834106
AlphaBeta-new-d3__VS__MCTS-old-100__GAME__0,AlphaBeta-new-d3,MCTS-old-100,0,False,MCTS-old-100,-1,18,26.94974660873413
AlphaBeta-new-d3__VS__MCTS-old-100__GAME__1,AlphaBeta-new-d3,MCTS-old-100,1,True,MCTS-old-100,1,7,8.10706114768982
AlphaBeta-new-d3__VS__MCTS-old-100__GAME__2,AlphaBeta-new-d3,MCTS-old-100,2,False,AlphaBeta-new-d3,1,21,32.17561721801758
AlphaBeta-new-d3__VS__MCTS-old-100__GAME__3,AlphaBeta-new-d3,MCTS-old-100,3,True,MCTS-old-100,1,13,16.045994758605957
AlphaBeta-new-d3__VS__MCTS-old-100__GAME__4,AlphaBeta-new-d3,MCTS-old-100,4,False,MCTS-old-100,-1,6,7.140972375869751
AlphaBeta-new-d3__VS__MCTS-old-100__GAME__5,AlphaBeta-new-d3,MCTS-old-100,5,True,MCTS-old-100,1,9,12.214099168777466
AlphaBeta-new-d3__VS__MCTS-old-100__GAME__6,AlphaBeta-new-d3,MCTS-old-100,6,False,AlphaBeta-new-d3,1,9,11.896555423736572
AlphaBeta-new-d3__VS__MCTS-old-100__GAME__7,AlphaBeta-new-d3,MCTS-old-100,7,True,MCTS-old-100,1,23,35.550137519836426
AlphaBeta-new-d3__VS__MCTS-old-100__GAME__8,AlphaBeta-new-d3,MCTS-old-100,8,False,draw,0,50,73.03034520149231
AlphaBeta-new-d3__VS__MCTS-old-100__GAME__9,AlphaBeta-new-d3,MCTS-old-100,9,True,MCTS-old-100,1,9,10.821923732757568
AlphaBeta-new-d3__VS__MCTS-old-100__GAME__10,AlphaBeta-new-d3,MCTS-old-100,10,False,MCTS-old-100,-1,6,7.46873664855957
AlphaBeta-new-d3__VS__MCTS-old-100__GAME__11,AlphaBeta-new-d3,MCTS-old-100,11,True,MCTS-old-100,1,11,11.991429567337036
AlphaBeta-new-d3__VS__MCTS-old-100__GAME__12,AlphaBeta-new-d3,MCTS-old-100,12,False,MCTS-old-100,-1,6,5.294921875
AlphaBeta-new-d3__VS__MCTS-old-100__GAME__13,AlphaBeta-new-d3,MCTS-old-100,13,True,AlphaBeta-new-d3,-1,8,9.625008821487427
AlphaBeta-new-d3__VS__MCTS-old-100__GAME__14,AlphaBeta-new-d3,MCTS-old-100,14,False,MCTS-old-100,-1,6,6.645934581756592
AlphaBeta-new-d3__VS__MCTS-old-100__GAME__15,AlphaBeta-new-d3,MCTS-old-100,15,True,MCTS-old-100,1,19,26.470346212387085
AlphaBeta-new-d3__VS__MCTS-old-100__GAME__16,AlphaBeta-new-d3,MCTS-old-100,16,False,MCTS-old-100,-1,8,9.899613380432129
AlphaBeta-new-d3__VS__MCTS-old-100__GAME__17,AlphaBeta-new-d3,MCTS-old-100,17,True,MCTS-old-100,1,11,12.359886646270752
AlphaBeta-new-d3__VS__MCTS-old-100__GAME__18,AlphaBeta-new-d3,MCTS-old-100,18,False,MCTS-old-100,-1,22,34.99184012413025
AlphaBeta-new-d3__VS__MCTS-old-100__GAME__19,AlphaBeta-new-d3,MCTS-old-100,19,True,MCTS-old-100,1,5,4.067804574966431
AlphaBeta-new-d3__VS__MCTS-old-100__GAME__20,AlphaBeta-new-d3,MCTS-old-100,20,False,MCTS-old-100,-1,17,26.3490948677063
AlphaBeta-new-d3__VS__MCTS-old-100__GAME__21,AlphaBeta-new-d3,MCTS-old-100,21,True,MCTS-old-100,1,5,5.448511123657227
AlphaBeta-new-d3__VS__MCTS-old-100__GAME__22,AlphaBeta-new-d3,MCTS-old-100,22,False,AlphaBeta-new-d3,1,4,4.809999227523804
AlphaBeta-new-d3__VS__MCTS-old-100__GAME__23,AlphaBeta-new-d3,MCTS-old-100,23,True,MCTS-old-100,1,11,13.563276290893555
AlphaBeta-new-d3__VS__MCTS-old-100__GAME__24,AlphaBeta-new-d3,MCTS-old-100,24,False,MCTS-old-100,-1,8,8.793749570846558
AlphaBeta-new-d3__VS__MCTS-old-100__GAME__25,AlphaBeta-new-d3,MCTS-old-100,25,True,MCTS-old-100,1,23,35.250159740448
AlphaBeta-new-d3__VS__MCTS-old-100__GAME__26,AlphaBeta-new-d3,MCTS-old-100,26,False,AlphaBeta-new-d3,1,6,7.579374074935913
AlphaBeta-new-d3__VS__MCTS-old-100__GAME__27,AlphaBeta-new-d3,MCTS-old-100,27,True,MCTS-old-100,1,7,7.0889527797698975
AlphaBeta-new-d3__VS__MCTS-old-100__GAME__28,AlphaBeta-new-d3,MCTS-old-100,28,False,MCTS-old-100,-1,6,5.914763450622559
AlphaBeta-new-d3__VS__MCTS-old-100__GAME__29,AlphaBeta-new-d3,MCTS-old-100,29,True,MCTS-old-100,1,15,20.053524255752563
AlphaBeta-new-d3__VS__MCTS-old-100__GAME__30,AlphaBeta-new-d3,MCTS-old-100,30,False,MCTS-old-100,-1,10,11.596711874008179
AlphaBeta-new-d3__VS__MCTS-old-100__GAME__31,AlphaBeta-new-d3,MCTS-old-100,31,True,MCTS-old-100,1,11,12.153470516204834
AlphaBeta-new-d3__VS__MCTS-old-100__GAME__32,AlphaBeta-new-d3,MCTS-old-100,32,False,MCTS-old-100,-1,6,6.065603971481323
AlphaBeta-new-d3__VS__MCTS-old-100__GAME__33,AlphaBeta-new-d3,MCTS-old-100,33,True,AlphaBeta-new-d3,-1,14,17.58681344985962
AlphaBeta-new-d3__VS__MCTS-old-100__GAME__34,AlphaBeta-new-d3,MCTS-old-100,34,False,MCTS-old-100,-1,6,6.486069917678833
AlphaBeta-new-d3__VS__MCTS-old-100__GAME__35,AlphaBeta-new-d3,MCTS-old-100,35,True,MCTS-old-100,1,25,34.63610529899597
AlphaBeta-new-d3__VS__MCTS-old-100__GAME__36,AlphaBeta-new-d3,MCTS-old-100,36,False,MCTS-old-100,-1,12,16.62726902961731
AlphaBeta-new-d3__VS__MCTS-old-100__GAME__37,AlphaBeta-new-d3,MCTS-old-100,37,True,AlphaBeta-new-d3,-1,11,14.244178533554077
AlphaBeta-new-d3__VS__MCTS-old-100__GAME__38,AlphaBeta-new-d3,MCTS-old-100,38,False,MCTS-old-100,-1,6,5.86860990524292
AlphaBeta-new-d3__VS__MCTS-old-100__GAME__39,AlphaBeta-new-d3,MCTS-old-100,39,True,AlphaBeta-new-d3,-1,6,5.904685974121094
AlphaBeta-new-d3__VS__MCTS-old-100__GAME__40,AlphaBeta-new-d3,MCTS-old-100,40,False,MCTS-old-100,-1,10,10.033981323242188
AlphaBeta-new-d3__VS__MCTS-old-100__GAME__41,AlphaBeta-new-d3,MCTS-old-100,41,True,AlphaBeta-new-d3,-1,10,12.339049577713013
AlphaBeta-new-d3__VS__MCTS-old-100__GAME__42,AlphaBeta-new-d3,MCTS-old-100,42,False,MCTS-old-100,-1,12,16.405646800994873
AlphaBeta-new-d3__VS__MCTS-old-100__GAME__43,AlphaBeta-new-d3,MCTS-old-100,43,True,AlphaBeta-new-d3,-1,19,27.52930498123169
AlphaBeta-new-d3__VS__MCTS-old-100__GAME__44,AlphaBeta-new-d3,MCTS-old-100,44,False,MCTS-old-100,-1,20,29.817395210266113
AlphaBeta-new-d3__VS__MCTS-old-100__GAME__45,AlphaBeta-new-d3,MCTS-old-100,45,True,MCTS-old-100,1,11,12.936241865158081
AlphaBeta-new-d3__VS__MCTS-old-100__GAME__46,AlphaBeta-new-d3,MCTS-old-100,46,False,MCTS-old-100,-1,8,8.77501893043518
AlphaBeta-new-d3__VS__MCTS-old-100__GAME__47,AlphaBeta-new-d3,MCTS-old-100,47,True,MCTS-old-100,1,7,7.185339689254761
AlphaBeta-new-d3__VS__MCTS-old-100__GAME__48,AlphaBeta-new-d3,MCTS-old-100,48,False,MCTS-old-100,-1,6,6.168578147888184
AlphaBeta-new-d3__VS__MCTS-old-100__GAME__49,AlphaBeta-new-d3,MCTS-old-100,49,True,MCTS-old-100,1,7,7.605684757232666
AlphaBeta-new-d3__VS__MCTS-new-100__GAME__0,AlphaBeta-new-d3,MCTS-new-100,0,False,MCTS-new-100,-1,6,6.6538214683532715
AlphaBeta-new-d3__VS__MCTS-new-100__GAME__1,AlphaBeta-new-d3,MCTS-new-100,1,True,MCTS-new-100,1,9,11.50361180305481
AlphaBeta-new-d3__VS__MCTS-new-100__GAME__2,AlphaBeta-new-d3,MCTS-new-100,2,False,MCTS-new-100,-1,12,13.375354528427124
AlphaBeta-new-d3__VS__MCTS-new-100__GAME__3,AlphaBeta-new-d3,MCTS-new-100,3,True,MCTS-new-100,1,7,8.003106594085693
AlphaBeta-new-d3__VS__MCTS-new-100__GAME__4,AlphaBeta-new-d3,MCTS-new-100,4,False,AlphaBeta-new-d3,1,11,13.037964582443237
AlphaBeta-new-d3__VS__MCTS-new-100__GAME__5,AlphaBeta-new-d3,MCTS-new-100,5,True,MCTS-new-100,1,15,22.933513641357422
AlphaBeta-new-d3__VS__MCTS-new-100__GAME__6,AlphaBeta-new-d3,MCTS-new-100,6,False,AlphaBeta-new-d3,1,8,9.501655578613281
AlphaBeta-new-d3__VS__MCTS-new-100__GAME__7,AlphaBeta-new-d3,MCTS-new-100,7,True,MCTS-new-100,1,5,5.479159355163574
AlphaBeta-new-d3__VS__MCTS-new-100__GAME__8,AlphaBeta-new-d3,MCTS-new-100,8,False,MCTS-new-100,-1,6,6.236902713775635
AlphaBeta-new-d3__VS__MCTS-new-100__GAME__9,AlphaBeta-new-d3,MCTS-new-100,9,True,MCTS-new-100,1,11,13.976983070373535
AlphaBeta-new-d3__VS__MCTS-new-100__GAME__10,AlphaBeta-new-d3,MCTS-new-100,10,False,AlphaBeta-new-d3,1,11,16.831018209457397
AlphaBeta-new-d3__VS__MCTS-new-100__GAME__11,AlphaBeta-new-d3,MCTS-new-100,11,True,MCTS-new-100,1,17,25.043490171432495
AlphaBeta-new-d3__VS__MCTS-new-100__GAME__12,AlphaBeta-new-d3,MCTS-new-100,12,False,MCTS-new-100,-1,6,4.92975115776062
AlphaBeta-new-d3__VS__MCTS-new-100__GAME__13,AlphaBeta-new-d3,MCTS-new-100,13,True,AlphaBeta-new-d3,-1,10,14.527217149734497
AlphaBeta-new-d3__VS__MCTS-new-100__GAME__14,AlphaBeta-new-d3,MCTS-new-100,14,False,MCTS-new-100,-1,12,17.562838315963745
AlphaBeta-new-d3__VS__MCTS-new-100__GAME__15,AlphaBeta-new-d3,MCTS-new-100,15,True,MCTS-new-100,1,7,7.886771202087402
AlphaBeta-new-d3__VS__MCTS-new-100__GAME__16,AlphaBeta-new-d3,MCTS-new-100,16,False,MCTS-new-100,-1,6,6.044942855834961
AlphaBeta-new-d3__VS__MCTS-new-100__GAME__17,AlphaBeta-new-d3,MCTS-new-100,17,True,AlphaBeta-new-d3,-1,10,13.374267339706421
AlphaBeta-new-d3__VS__MCTS-new-100__GAME__18,AlphaBeta-new-d3,MCTS-new-100,18,False,MCTS-new-100,-1,4,3.0724034309387207
AlphaBeta-new-d3__VS__MCTS-new-100__GAME__19,AlphaBeta-new-d3,MCTS-new-100,19,True,MCTS-new-100,1,13,16.225735425949097
AlphaBeta-new-d3__VS__MCTS-new-100__GAME__20,AlphaBeta-new-d3,MCTS-new-100,20,False,AlphaBeta-new-d3,1,45,76.8586905002594
AlphaBeta-new-d3__VS__MCTS-new-100__GAME__21,AlphaBeta-new-d3,MCTS-new-100,21,True,MCTS-new-100,1,5,5.058433532714844
AlphaBeta-new-d3__VS__MCTS-new-100__GAME__22,AlphaBeta-new-d3,MCTS-new-100,22,False,MCTS-new-100,-1,6,6.1328065395355225
AlphaBeta-new-d3__VS__MCTS-new-100__GAME__23,AlphaBeta-new-d3,MCTS-new-100,23,True,MCTS-new-100,1,13,15.942009925842285
AlphaBeta-new-d3__VS__MCTS-new-100__GAME__24,AlphaBeta-new-d3,MCTS-new-100,24,False,MCTS-new-100,-1,8,8.257145166397095
AlphaBeta-new-d3__VS__MCTS-new-100__GAME__25,AlphaBeta-new-d3,MCTS-new-100,25,True,MCTS-new-100,1,13,15.825595617294312
AlphaBeta-new-d3__VS__MCTS-new-100__GAME__26,AlphaBeta-new-d3,MCTS-new-100,26,False,MCTS-new-100,-1,10,10.820464134216309
AlphaBeta-new-d3__VS__MCTS-new-100__GAME__27,AlphaBeta-new-d3,MCTS-new-100,27,True,draw,0,50,81.0679681301117
AlphaBeta-new-d3__VS__MCTS-new-100__GAME__28,AlphaBeta-new-d3,MCTS-new-100,28,False,MCTS-new-100,-1,6,7.722114562988281
AlphaBeta-new-d3__VS__MCTS-new-100__GAME__29,AlphaBeta-new-d3,MCTS-new-100,29,True,MCTS-new-100,1,13,14.867011785507202
AlphaBeta-new-d3__VS__MCTS-new-100__GAME__30,AlphaBeta-new-d3,MCTS-new-100,30,False,MCTS-new-100,-1,30,51.02686285972595
AlphaBeta-new-d3__VS__MCTS-new-100__GAME__31,AlphaBeta-new-d3,MCTS-new-100,31,True,MCTS-new-100,1,17,21.64722967147827
AlphaBeta-new-d3__VS__MCTS-new-100__GAME__32,AlphaBeta-new-d3,MCTS-new-100,32,False,AlphaBeta-new-d3,1,5,6.2307493686676025
AlphaBeta-new-d3__VS__MCTS-new-100__GAME__33,AlphaBeta-new-d3,MCTS-new-100,33,True,AlphaBeta-new-d3,-1,14,17.646029472351074
AlphaBeta-new-d3__VS__MCTS-new-100__GAME__34,AlphaBeta-new-d3,MCTS-new-100,34,False,AlphaBeta-new-d3,1,9,23.846291542053223
AlphaBeta-new-d3__VS__MCTS-new-100__GAME__35,AlphaBeta-new-d3,MCTS-new-100,35,True,draw,0,50,72.67171907424927
AlphaBeta-new-d3__VS__MCTS-new-100__GAME__36,AlphaBeta-new-d3,MCTS-new-100,36,False,AlphaBeta-new-d3,1,15,21.194005966186523
AlphaBeta-new-d3__VS__MCTS-new-100__GAME__37,AlphaBeta-new-d3,MCTS-new-100,37,True,MCTS-new-100,1,7,7.987707614898682
AlphaBeta-new-d3__VS__MCTS-new-100__GAME__38,AlphaBeta-new-d3,MCTS-new-100,38,False,MCTS-new-100,-1,10,11.714564561843872
AlphaBeta-new-d3__VS__MCTS-new-100__GAME__39,AlphaBeta-new-d3,MCTS-new-100,39,True,MCTS-new-100,1,7,8.42767333984375
AlphaBeta-new-d3__VS__MCTS-new-100__GAME__40,AlphaBeta-new-d3,MCTS-new-100,40,False,MCTS-new-100,-1,8,9.093793869018555
AlphaBeta-new-d3__VS__MCTS-new-100__GAME__41,AlphaBeta-new-d3,MCTS-new-100,41,True,MCTS-new-100,1,19,26.310789108276367
AlphaBeta-new-d3__VS__MCTS-new-100__GAME__42,AlphaBeta-new-d3,MCTS-new-100,42,False,MCTS-new-100,-1,9,10.347862720489502
AlphaBeta-new-d3__VS__MCTS-new-100__GAME__43,AlphaBeta-new-d3,MCTS-new-100,43,True,MCTS-new-100,1,7,6.509092092514038
AlphaBeta-new-d3__VS__MCTS-new-100__GAME__44,AlphaBeta-new-d3,MCTS-new-100,44,False,MCTS-new-100,-1,8,10.238895177841187
AlphaBeta-new-d3__VS__MCTS-new-100__GAME__45,AlphaBeta-new-d3,MCTS-new-100,45,True,AlphaBeta-new-d3,-1,13,18.375065803527832
AlphaBeta-new-d3__VS__MCTS-new-100__GAME__46,AlphaBeta-new-d3,MCTS-new-100,46,False,MCTS-new-100,-1,16,21.328099966049194
AlphaBeta-new-d3__VS__MCTS-new-100__GAME__47,AlphaBeta-new-d3,MCTS-new-100,47,True,MCTS-new-100,1,17,25.693655967712402
AlphaBeta-new-d3__VS__MCTS-new-100__GAME__48,AlphaBeta-new-d3,MCTS-new-100,48,False,MCTS-new-100,-1,10,13.19435977935791
AlphaBeta-new-d3__VS__MCTS-new-100__GAME__49,AlphaBeta-new-d3,MCTS-new-100,49,True,MCTS-new-100,1,11,13.186992168426514
MCTS-old-100__VS__MCTS-new-100__GAME__0,MCTS-old-100,MCTS-new-100,0,False,MCTS-new-100,-1,11,17.010136127471924
MCTS-old-100__VS__MCTS-new-100__GAME__1,MCTS-old-100,MCTS-new-100,1,True,MCTS-old-100,-1,15,22.087920904159546
MCTS-old-100__VS__MCTS-new-100__GAME__2,MCTS-old-100,MCTS-new-100,2,False,MCTS-new-100,-1,18,31.523926496505737
MCTS-old-100__VS__MCTS-new-100__GAME__3,MCTS-old-100,MCTS-new-100,3,True,MCTS-old-100,-1,14,22.96472477912903
MCTS-old-100__VS__MCTS-new-100__GAME__4,MCTS-old-100,MCTS-new-100,4,False,draw,0,50,98.45897650718689
MCTS-old-100__VS__MCTS-new-100__GAME__5,MCTS-old-100,MCTS-new-100,5,True,MCTS-new-100,1,27,50.99815320968628
MCTS-old-100__VS__MCTS-new-100__GAME__6,MCTS-old-100,MCTS-new-100,6,False,MCTS-new-100,-1,11,13.654136419296265
MCTS-old-100__VS__MCTS-new-100__GAME__7,MCTS-old-100,MCTS-new-100,7,True,MCTS-new-100,1,6,8.210022449493408
MCTS-old-100__VS__MCTS-new-100__GAME__8,MCTS-old-100,MCTS-new-100,8,False,MCTS-old-100,1,11,16.849246978759766
MCTS-old-100__VS__MCTS-new-100__GAME__9,MCTS-old-100,MCTS-new-100,9,True,MCTS-new-100,1,9,11.533851623535156
MCTS-old-100__VS__MCTS-new-100__GAME__10,MCTS-old-100,MCTS-new-100,10,False,draw,0,50,91.81740093231201
MCTS-old-100__VS__MCTS-new-100__GAME__11,MCTS-old-100,MCTS-new-100,11,True,MCTS-new-100,1,6,7.272559881210327
MCTS-old-100__VS__MCTS-new-100__GAME__12,MCTS-old-100,MCTS-new-100,12,False,MCTS-old-100,1,13,19.87260603904724
MCTS-old-100__VS__MCTS-new-100__GAME__13,MCTS-old-100,MCTS-new-100,13,True,draw,0,50,103.77503657341003
MCTS-old-100__VS__MCTS-new-100__GAME__14,MCTS-old-100,MCTS-new-100,14,False,draw,0,50,101.0799207687378
MCTS-old-100__VS__MCTS-new-100__GAME__15,MCTS-old-100,MCTS-new-100,15,True,MCTS-old-100,-1,8,9.341066598892212
MCTS-old-100__VS__MCTS-new-100__GAME__16,MCTS-old-100,MCTS-new-100,16,False,MCTS-old-100,1,26,48.721513509750366
MCTS-old-100__VS__MCTS-new-100__GAME__17,MCTS-old-100,MCTS-new-100,17,True,draw,0,50,89.32180571556091
MCTS-old-100__VS__MCTS-new-100__GAME__18,MCTS-old-100,MCTS-new-100,18,False,MCTS-old-100,1,19,31.823779821395874
MCTS-old-100__VS__MCTS-new-100__GAME__19,MCTS-old-100,MCTS-new-100,19,True,MCTS-old-100,-1,32,56.1856472492218
MCTS-old-100__VS__MCTS-new-100__GAME__20,MCTS-old-100,MCTS-new-100,20,False,MCTS-new-100,-1,18,29.115493059158325
MCTS-old-100__VS__MCTS-new-100__GAME__21,MCTS-old-100,MCTS-new-100,21,True,MCTS-new-100,1,6,7.407923698425293
MCTS-old-100__VS__MCTS-new-100__GAME__22,MCTS-old-100,MCTS-new-100,22,False,MCTS-new-100,-1,13,20.380207538604736
MCTS-old-100__VS__MCTS-new-100__GAME__23,MCTS-old-100,MCTS-new-100,23,True,draw,0,50,94.61808562278748
MCTS-old-100__VS__MCTS-new-100__GAME__24,MCTS-old-100,MCTS-new-100,24,False,draw,0,50,95.83694124221802
MCTS-old-100__VS__MCTS-new-100__GAME__25,MCTS-old-100,MCTS-new-100,25,True,draw,0,50,93.1186466217041
MCTS-old-100__VS__MCTS-new-100__GAME__26,MCTS-old-100,MCTS-new-100,26,False,MCTS-new-100,-1,19,26.74429702758789
MCTS-old-100__VS__MCTS-new-100__GAME__27,MCTS-old-100,MCTS-new-100,27,True,MCTS-new-100,1,8,10.374741792678833
MCTS-old-100__VS__MCTS-new-100__GAME__28,MCTS-old-100,MCTS-new-100,28,False,MCTS-new-100,-1,9,12.632356405258179
MCTS-old-100__VS__MCTS-new-100__GAME__29,MCTS-old-100,MCTS-new-100,29,True,MCTS-old-100,-1,15,24.097819328308105
MCTS-old-100__VS__MCTS-new-100__GAME__30,MCTS-old-100,MCTS-new-100,30,False,draw,0,50,94.73347163200378
MCTS-old-100__VS__MCTS-new-100__GAME__31,MCTS-old-100,MCTS-new-100,31,True,MCTS-new-100,1,18,26.71549344062805
MCTS-old-100__VS__MCTS-new-100__GAME__32,MCTS-old-100,MCTS-new-100,32,False,MCTS-old-100,1,45,90.72890305519104
MCTS-old-100__VS__MCTS-new-100__GAME__33,MCTS-old-100,MCTS-new-100,33,True,MCTS-new-100,1,27,42.824291467666626
MCTS-old-100__VS__MCTS-new-100__GAME__34,MCTS-old-100,MCTS-new-100,34,False,MCTS-old-100,1,9,20.60435676574707
MCTS-old-100__VS__MCTS-new-100__GAME__35,MCTS-old-100,MCTS-new-100,35,True,draw,0,50,105.45943284034729
MCTS-old-100__VS__MCTS-new-100__GAME__36,MCTS-old-100,MCTS-new-100,36,False,draw,0,50,110.41188740730286
MCTS-old-100__VS__MCTS-new-100__GAME__37,MCTS-old-100,MCTS-new-100,37,True,draw,0,50,95.28510546684265
MCTS-old-100__VS__MCTS-new-100__GAME__38,MCTS-old-100,MCTS-new-100,38,False,MCTS-old-100,1,21,39.33769202232361
MCTS-old-100__VS__MCTS-new-100__GAME__39,MCTS-old-100,MCTS-new-100,39,True,MCTS-new-100,1,39,78.9956955909729
MCTS-old-100__VS__MCTS-new-100__GAME__40,MCTS-old-100,MCTS-new-100,40,False,MCTS-old-100,1,9,24.643788814544678
MCTS-old-100__VS__MCTS-new-100__GAME__41,MCTS-old-100,MCTS-new-100,41,True,draw,0,50,95.56589865684509
MCTS-old-100__VS__MCTS-new-100__GAME__42,MCTS-old-100,MCTS-new-100,42,False,draw,0,50,109.52715516090393
MCTS-old-100__VS__MCTS-new-100__GAME__43,MCTS-old-100,MCTS-new-100,43,True,draw,0,50,84.95750427246094
MCTS-old-100__VS__MCTS-new-100__GAME__44,MCTS-old-100,MCTS-new-100,44,False,draw,0,50,93.66588830947876
MCTS-old-100__VS__MCTS-new-100__GAME__45,MCTS-old-100,MCTS-new-100,45,True,MCTS-new-100,1,6,8.521534204483032
MCTS-old-100__VS__MCTS-new-100__GAME__46,MCTS-old-100,MCTS-new-100,46,False,MCTS-new-100,-1,5,6.444009780883789
MCTS-old-100__VS__MCTS-new-100__GAME__47,MCTS-old-100,MCTS-new-100,47,True,MCTS-new-100,1,6,8.128039598464966
MCTS-old-100__VS__MCTS-new-100__GAME__48,MCTS-old-100,MCTS-new-100,48,False,MCTS-old-100,1,6,7.714216947555542
MCTS-old-100__VS__MCTS-new-100__GAME__49,MCTS-old-100,MCTS-new-100,49,True,MCTS-old-100,-1,6,7.935828924179077
